Month,Age Range,Classification,Category,Percentage %
Feb-15,People aged 15 - 24 years,Discouraged job seekers,Discouraged job seekers,6.4
Feb-15,People aged 15 - 24 years,Discouraged job seekers,Considered too young or too old by employers,0.6
Feb-15,People aged 15 - 24 years,Discouraged job seekers,Believes ill health or disability discourages employers,0.2
Feb-15,People aged 15 - 24 years,Discouraged job seekers,"Lacked necessary skills, education or experience",2.2
Feb-15,People aged 15 - 24 years,Discouraged job seekers,Cultural background or language difficulties,0.0
Feb-15,People aged 15 - 24 years,Discouraged job seekers,"No jobs in locality, line of work or no jobs at all",2.4
Feb-15,People aged 15 - 24 years,Discouraged job seekers,No jobs in suitable hours,1.0
Feb-15,People aged 15 - 24 years,Personal reasons,Personal reasons,72.6
Feb-15,People aged 15 - 24 years,Personal reasons,Own short-term illness or injury,1.4
Feb-15,People aged 15 - 24 years,Personal reasons,Own long-term health condition or disability,2.9
Feb-15,People aged 15 - 24 years,Personal reasons,Attending an educational institution,64.0
Feb-15,People aged 15 - 24 years,Personal reasons,Had no need or want to work,1.7
Feb-15,People aged 15 - 24 years,Personal reasons,Working in an unpaid voluntary job,0.2
Feb-15,People aged 15 - 24 years,Personal reasons,Problems with access to transport,0.9
Feb-15,People aged 15 - 24 years,Personal reasons,Moved house or holidays,1.6
Feb-15,People aged 15 - 24 years,Family reasons,Family reasons,11.4
Feb-15,People aged 15 - 24 years,Family reasons,Caring for ill or elderly person or family member,1.4
Feb-15,People aged 15 - 24 years,Family reasons,Childcare,7.8
Feb-15,People aged 15 - 24 years,Family reasons,Other family considerations,2.3
Feb-15,People aged 15 - 24 years,Other,Other reasons,7.7
Feb-15,People aged 15 - 24 years,Other,Did not know,1.8
Feb-15,People aged 25 - 39 years,Discouraged job seekers,Discouraged job seekers,6.9
Feb-15,People aged 25 - 39 years,Discouraged job seekers,Considered too young or too old by employers,0.0
Feb-15,People aged 25 - 39 years,Discouraged job seekers,Believes ill health or disability discourages employers,0.6
Feb-15,People aged 25 - 39 years,Discouraged job seekers,"Lacked necessary skills, education or experience",1.6
Feb-15,People aged 25 - 39 years,Discouraged job seekers,Cultural background or language difficulties,0.8
Feb-15,People aged 25 - 39 years,Discouraged job seekers,"No jobs in locality, line of work or no jobs at all",1.7
Feb-15,People aged 25 - 39 years,Discouraged job seekers,No jobs in suitable hours,2.1
Feb-15,People aged 25 - 39 years,Personal reasons,Personal reasons,25.0
Feb-15,People aged 25 - 39 years,Personal reasons,Own short-term illness or injury,2.3
Feb-15,People aged 25 - 39 years,Personal reasons,Own long-term health condition or disability,5.7
Feb-15,People aged 25 - 39 years,Personal reasons,Attending an educational institution,12.6
Feb-15,People aged 25 - 39 years,Personal reasons,Had no need or want to work,1.4
Feb-15,People aged 25 - 39 years,Personal reasons,Working in an unpaid voluntary job,0.3
Feb-15,People aged 25 - 39 years,Personal reasons,Problems with access to transport,0.9
Feb-15,People aged 25 - 39 years,Personal reasons,Moved house or holidays,1.9
Feb-15,People aged 25 - 39 years,Family reasons,Family reasons,57.8
Feb-15,People aged 25 - 39 years,Family reasons,Caring for ill or elderly person or family member,3.2
Feb-15,People aged 25 - 39 years,Family reasons,Childcare,45.1
Feb-15,People aged 25 - 39 years,Family reasons,Other family considerations,9.5
Feb-15,People aged 25 - 39 years,Other,Other reasons,8.0
Feb-15,People aged 25 - 39 years,Other,Did not know,2.3
Feb-15,People aged 40 - 54 years,Discouraged job seekers,Discouraged job seekers,10.0
Feb-15,People aged 40 - 54 years,Discouraged job seekers,Considered too young or too old by employers,1.7
Feb-15,People aged 40 - 54 years,Discouraged job seekers,Believes ill health or disability discourages employers,1.4
Feb-15,People aged 40 - 54 years,Discouraged job seekers,"Lacked necessary skills, education or experience",1.1
Feb-15,People aged 40 - 54 years,Discouraged job seekers,Cultural background or language difficulties,1.2
Feb-15,People aged 40 - 54 years,Discouraged job seekers,"No jobs in locality, line of work or no jobs at all",1.7
Feb-15,People aged 40 - 54 years,Discouraged job seekers,No jobs in suitable hours,2.9
Feb-15,People aged 40 - 54 years,Personal reasons,Personal reasons,38.8
Feb-15,People aged 40 - 54 years,Personal reasons,Own short-term illness or injury,5.0
Feb-15,People aged 40 - 54 years,Personal reasons,Own long-term health condition or disability,16.1
Feb-15,People aged 40 - 54 years,Personal reasons,Attending an educational institution,6.5
Feb-15,People aged 40 - 54 years,Personal reasons,Had no need or want to work,7.0
Feb-15,People aged 40 - 54 years,Personal reasons,Working in an unpaid voluntary job,1.4
Feb-15,People aged 40 - 54 years,Personal reasons,Problems with access to transport,1.2
Feb-15,People aged 40 - 54 years,Personal reasons,Moved house or holidays,1.5
Feb-15,People aged 40 - 54 years,Family reasons,Family reasons,36.0
Feb-15,People aged 40 - 54 years,Family reasons,Caring for ill or elderly person or family member,6.7
Feb-15,People aged 40 - 54 years,Family reasons,Childcare,21.0
Feb-15,People aged 40 - 54 years,Family reasons,Other family considerations,8.2
Feb-15,People aged 40 - 54 years,Other,Other reasons,11.1
Feb-15,People aged 40 - 54 years,Other,Did not know,4.1
Feb-15,People aged 55 years and over,Discouraged job seekers,Discouraged job seekers,27.1
Feb-15,People aged 55 years and over,Discouraged job seekers,Considered too young or too old by employers,13.6
Feb-15,People aged 55 years and over,Discouraged job seekers,Believes ill health or disability discourages employers,1.3
Feb-15,People aged 55 years and over,Discouraged job seekers,"Lacked necessary skills, education or experience",2.1
Feb-15,People aged 55 years and over,Discouraged job seekers,Cultural background or language difficulties,0.6
Feb-15,People aged 55 years and over,Discouraged job seekers,"No jobs in locality, line of work or no jobs at all",8.3
Feb-15,People aged 55 years and over,Discouraged job seekers,No jobs in suitable hours,1.2
Feb-15,People aged 55 years and over,Personal reasons,Personal reasons,41.9
Feb-15,People aged 55 years and over,Personal reasons,Own short-term illness or injury,2.4
Feb-15,People aged 55 years and over,Personal reasons,Own long-term health condition or disability,12.2
Feb-15,People aged 55 years and over,Personal reasons,Attending an educational institution,1.8
Feb-15,People aged 55 years and over,Personal reasons,Had no need or want to work,19.3
Feb-15,People aged 55 years and over,Personal reasons,Working in an unpaid voluntary job,3.1
Feb-15,People aged 55 years and over,Personal reasons,Problems with access to transport,0.7
Feb-15,People aged 55 years and over,Personal reasons,Moved house or holidays,2.4
Feb-15,People aged 55 years and over,Family reasons,Family reasons,11.1
Feb-15,People aged 55 years and over,Family reasons,Caring for ill or elderly person or family member,5.5
Feb-15,People aged 55 years and over,Family reasons,Childcare,2.3
Feb-15,People aged 55 years and over,Family reasons,Other family considerations,3.4
Feb-15,People aged 55 years and over,Other,Other reasons,18.1
Feb-15,People aged 55 years and over,Other,Did not know,1.7
Feb-16,People aged 15 - 24 years,Discouraged job seekers,Discouraged job seekers,5.0
Feb-16,People aged 15 - 24 years,Discouraged job seekers,Considered too young or too old by employers,0.2
Feb-16,People aged 15 - 24 years,Discouraged job seekers,Believes ill health or disability discourages employers,0.2
Feb-16,People aged 15 - 24 years,Discouraged job seekers,"Lacked necessary skills, education or experience",2.2
Feb-16,People aged 15 - 24 years,Discouraged job seekers,Cultural background or language difficulties,0.0
Feb-16,People aged 15 - 24 years,Discouraged job seekers,"No jobs in locality, line of work or no jobs at all",1.9
Feb-16,People aged 15 - 24 years,Discouraged job seekers,No jobs in suitable hours,0.3
Feb-16,People aged 15 - 24 years,Personal reasons,Personal reasons,74.9
Feb-16,People aged 15 - 24 years,Personal reasons,Own short-term illness or injury,1.7
Feb-16,People aged 15 - 24 years,Personal reasons,Own long-term health condition or disability,4.6
Feb-16,People aged 15 - 24 years,Personal reasons,Attending an educational institution,61.7
Feb-16,People aged 15 - 24 years,Personal reasons,Had no need or want to work,1.2
Feb-16,People aged 15 - 24 years,Personal reasons,Working in an unpaid voluntary job,0.0
Feb-16,People aged 15 - 24 years,Personal reasons,Problems with access to transport,1.1
Feb-16,People aged 15 - 24 years,Personal reasons,Moved house or holidays,4.6
Feb-16,People aged 15 - 24 years,Family reasons,Family reasons,8.3
Feb-16,People aged 15 - 24 years,Family reasons,Caring for ill or elderly person or family member,0.1
Feb-16,People aged 15 - 24 years,Family reasons,Childcare,5.5
Feb-16,People aged 15 - 24 years,Family reasons,Other family considerations,2.6
Feb-16,People aged 15 - 24 years,Other,Other reasons,8.6
Feb-16,People aged 15 - 24 years,Other,Did not know,3.3
Feb-16,People aged 25 - 39 years,Discouraged job seekers,Discouraged job seekers,7.5
Feb-16,People aged 25 - 39 years,Discouraged job seekers,Considered too young or too old by employers,0.3
Feb-16,People aged 25 - 39 years,Discouraged job seekers,Believes ill health or disability discourages employers,0.6
Feb-16,People aged 25 - 39 years,Discouraged job seekers,"Lacked necessary skills, education or experience",2.6
Feb-16,People aged 25 - 39 years,Discouraged job seekers,Cultural background or language difficulties,0.9
Feb-16,People aged 25 - 39 years,Discouraged job seekers,"No jobs in locality, line of work or no jobs at all",0.7
Feb-16,People aged 25 - 39 years,Discouraged job seekers,No jobs in suitable hours,2.2
Feb-16,People aged 25 - 39 years,Personal reasons,Personal reasons,26.7
Feb-16,People aged 25 - 39 years,Personal reasons,Own short-term illness or injury,2.1
Feb-16,People aged 25 - 39 years,Personal reasons,Own long-term health condition or disability,7.3
Feb-16,People aged 25 - 39 years,Personal reasons,Attending an educational institution,12.2
Feb-16,People aged 25 - 39 years,Personal reasons,Had no need or want to work,2.3
Feb-16,People aged 25 - 39 years,Personal reasons,Working in an unpaid voluntary job,0.0
Feb-16,People aged 25 - 39 years,Personal reasons,Problems with access to transport,0.0
Feb-16,People aged 25 - 39 years,Personal reasons,Moved house or holidays,2.7
Feb-16,People aged 25 - 39 years,Family reasons,Family reasons,56.5
Feb-16,People aged 25 - 39 years,Family reasons,Caring for ill or elderly person or family member,2.8
Feb-16,People aged 25 - 39 years,Family reasons,Childcare,45.1
Feb-16,People aged 25 - 39 years,Family reasons,Other family considerations,8.6
Feb-16,People aged 25 - 39 years,Other,Other reasons,7.5
Feb-16,People aged 25 - 39 years,Other,Did not know,1.9
Feb-16,People aged 40 - 54 years,Discouraged job seekers,Discouraged job seekers,11.8
Feb-16,People aged 40 - 54 years,Discouraged job seekers,Considered too young or too old by employers,1.0
Feb-16,People aged 40 - 54 years,Discouraged job seekers,Believes ill health or disability discourages employers,0.8
Feb-16,People aged 40 - 54 years,Discouraged job seekers,"Lacked necessary skills, education or experience",2.3
Feb-16,People aged 40 - 54 years,Discouraged job seekers,Cultural background or language difficulties,1.5
Feb-16,People aged 40 - 54 years,Discouraged job seekers,"No jobs in locality, line of work or no jobs at all",3.2
Feb-16,People aged 40 - 54 years,Discouraged job seekers,No jobs in suitable hours,3.0
Feb-16,People aged 40 - 54 years,Personal reasons,Personal reasons,33.0
Feb-16,People aged 40 - 54 years,Personal reasons,Own short-term illness or injury,3.2
Feb-16,People aged 40 - 54 years,Personal reasons,Own long-term health condition or disability,14.2
Feb-16,People aged 40 - 54 years,Personal reasons,Attending an educational institution,7.0
Feb-16,People aged 40 - 54 years,Personal reasons,Had no need or want to work,7.5
Feb-16,People aged 40 - 54 years,Personal reasons,Working in an unpaid voluntary job,0.3
Feb-16,People aged 40 - 54 years,Personal reasons,Problems with access to transport,0.3
Feb-16,People aged 40 - 54 years,Personal reasons,Moved house or holidays,0.5
Feb-16,People aged 40 - 54 years,Family reasons,Family reasons,40.5
Feb-16,People aged 40 - 54 years,Family reasons,Caring for ill or elderly person or family member,10.5
Feb-16,People aged 40 - 54 years,Family reasons,Childcare,19.0
Feb-16,People aged 40 - 54 years,Family reasons,Other family considerations,11.0
Feb-16,People aged 40 - 54 years,Other,Other reasons,10.1
Feb-16,People aged 40 - 54 years,Other,Did not know,4.6
Feb-16,People aged 55 years and over,Discouraged job seekers,Discouraged job seekers,25.6
Feb-16,People aged 55 years and over,Discouraged job seekers,Considered too young or too old by employers,16.7
Feb-16,People aged 55 years and over,Discouraged job seekers,Believes ill health or disability discourages employers,1.3
Feb-16,People aged 55 years and over,Discouraged job seekers,"Lacked necessary skills, education or experience",1.0
Feb-16,People aged 55 years and over,Discouraged job seekers,Cultural background or language difficulties,2.4
Feb-16,People aged 55 years and over,Discouraged job seekers,"No jobs in locality, line of work or no jobs at all",3.8
Feb-16,People aged 55 years and over,Discouraged job seekers,No jobs in suitable hours,0.5
Feb-16,People aged 55 years and over,Personal reasons,Personal reasons,44.7
Feb-16,People aged 55 years and over,Personal reasons,Own short-term illness or injury,4.4
Feb-16,People aged 55 years and over,Personal reasons,Own long-term health condition or disability,12.8
Feb-16,People aged 55 years and over,Personal reasons,Attending an educational institution,1.9
Feb-16,People aged 55 years and over,Personal reasons,Had no need or want to work,20.1
Feb-16,People aged 55 years and over,Personal reasons,Working in an unpaid voluntary job,3.4
Feb-16,People aged 55 years and over,Personal reasons,Problems with access to transport,0.3
Feb-16,People aged 55 years and over,Personal reasons,Moved house or holidays,1.9
Feb-16,People aged 55 years and over,Family reasons,Family reasons,13.9
Feb-16,People aged 55 years and over,Family reasons,Caring for ill or elderly person or family member,6.3
Feb-16,People aged 55 years and over,Family reasons,Childcare,1.2
Feb-16,People aged 55 years and over,Family reasons,Other family considerations,6.5
Feb-16,People aged 55 years and over,Other,Other reasons,13.5
Feb-16,People aged 55 years and over,Other,Did not know,2.2
Feb-17,People aged 15 - 24 years,Discouraged job seekers,Discouraged job seekers,8.0
Feb-17,People aged 15 - 24 years,Discouraged job seekers,Considered too young or too old by employers,0.5
Feb-17,People aged 15 - 24 years,Discouraged job seekers,Believes ill health or disability discourages employers,0.5
Feb-17,People aged 15 - 24 years,Discouraged job seekers,"Lacked necessary skills, education or experience",2.9
Feb-17,People aged 15 - 24 years,Discouraged job seekers,Cultural background or language difficulties,0.2
Feb-17,People aged 15 - 24 years,Discouraged job seekers,"No jobs in locality, line of work or no jobs at all",3.3
Feb-17,People aged 15 - 24 years,Discouraged job seekers,No jobs in suitable hours,0.6
Feb-17,People aged 15 - 24 years,Personal reasons,Personal reasons,73.8
Feb-17,People aged 15 - 24 years,Personal reasons,Own short-term illness or injury,0.9
Feb-17,People aged 15 - 24 years,Personal reasons,Own long-term health condition or disability,3.0
Feb-17,People aged 15 - 24 years,Personal reasons,Attending an educational institution,64.5
Feb-17,People aged 15 - 24 years,Personal reasons,Had no need or want to work,1.4
Feb-17,People aged 15 - 24 years,Personal reasons,Working in an unpaid voluntary job,0.4
Feb-17,People aged 15 - 24 years,Personal reasons,Problems with access to transport,0.8
Feb-17,People aged 15 - 24 years,Personal reasons,Moved house or holidays,2.9
Feb-17,People aged 15 - 24 years,Family reasons,Family reasons,8.9
Feb-17,People aged 15 - 24 years,Family reasons,Caring for ill or elderly person or family member,1.0
Feb-17,People aged 15 - 24 years,Family reasons,Childcare,6.2
Feb-17,People aged 15 - 24 years,Family reasons,Other family considerations,1.6
Feb-17,People aged 15 - 24 years,Other,Other reasons,6.9
Feb-17,People aged 15 - 24 years,Other,Did not know,2.3
Feb-17,People aged 25 - 39 years,Discouraged job seekers,Discouraged job seekers,6.2
Feb-17,People aged 25 - 39 years,Discouraged job seekers,Considered too young or too old by employers,0.2
Feb-17,People aged 25 - 39 years,Discouraged job seekers,Believes ill health or disability discourages employers,0.5
Feb-17,People aged 25 - 39 years,Discouraged job seekers,"Lacked necessary skills, education or experience",0.3
Feb-17,People aged 25 - 39 years,Discouraged job seekers,Cultural background or language difficulties,0.6
Feb-17,People aged 25 - 39 years,Discouraged job seekers,"No jobs in locality, line of work or no jobs at all",3.2
Feb-17,People aged 25 - 39 years,Discouraged job seekers,No jobs in suitable hours,1.4
Feb-17,People aged 25 - 39 years,Personal reasons,Personal reasons,25.9
Feb-17,People aged 25 - 39 years,Personal reasons,Own short-term illness or injury,2.8
Feb-17,People aged 25 - 39 years,Personal reasons,Own long-term health condition or disability,5.2
Feb-17,People aged 25 - 39 years,Personal reasons,Attending an educational institution,10.7
Feb-17,People aged 25 - 39 years,Personal reasons,Had no need or want to work,2.8
Feb-17,People aged 25 - 39 years,Personal reasons,Working in an unpaid voluntary job,0.7
Feb-17,People aged 25 - 39 years,Personal reasons,Problems with access to transport,0.3
Feb-17,People aged 25 - 39 years,Personal reasons,Moved house or holidays,3.3
Feb-17,People aged 25 - 39 years,Family reasons,Family reasons,60.8
Feb-17,People aged 25 - 39 years,Family reasons,Caring for ill or elderly person or family member,1.9
Feb-17,People aged 25 - 39 years,Family reasons,Childcare,48.9
Feb-17,People aged 25 - 39 years,Family reasons,Other family considerations,10.0
Feb-17,People aged 25 - 39 years,Other,Other reasons,6.5
Feb-17,People aged 25 - 39 years,Other,Did not know,0.6
Feb-17,People aged 40 - 54 years,Discouraged job seekers,Discouraged job seekers,8.5
Feb-17,People aged 40 - 54 years,Discouraged job seekers,Considered too young or too old by employers,0.4
Feb-17,People aged 40 - 54 years,Discouraged job seekers,Believes ill health or disability discourages employers,0.4
Feb-17,People aged 40 - 54 years,Discouraged job seekers,"Lacked necessary skills, education or experience",2.7
Feb-17,People aged 40 - 54 years,Discouraged job seekers,Cultural background or language difficulties,1.3
Feb-17,People aged 40 - 54 years,Discouraged job seekers,"No jobs in locality, line of work or no jobs at all",2.1
Feb-17,People aged 40 - 54 years,Discouraged job seekers,No jobs in suitable hours,1.5
Feb-17,People aged 40 - 54 years,Personal reasons,Personal reasons,36.8
Feb-17,People aged 40 - 54 years,Personal reasons,Own short-term illness or injury,3.6
Feb-17,People aged 40 - 54 years,Personal reasons,Own long-term health condition or disability,15.1
Feb-17,People aged 40 - 54 years,Personal reasons,Attending an educational institution,8.6
Feb-17,People aged 40 - 54 years,Personal reasons,Had no need or want to work,5.5
Feb-17,People aged 40 - 54 years,Personal reasons,Working in an unpaid voluntary job,0.4
Feb-17,People aged 40 - 54 years,Personal reasons,Problems with access to transport,0.0
Feb-17,People aged 40 - 54 years,Personal reasons,Moved house or holidays,3.6
Feb-17,People aged 40 - 54 years,Family reasons,Family reasons,43.7
Feb-17,People aged 40 - 54 years,Family reasons,Caring for ill or elderly person or family member,9.8
Feb-17,People aged 40 - 54 years,Family reasons,Childcare,22.0
Feb-17,People aged 40 - 54 years,Family reasons,Other family considerations,12.0
Feb-17,People aged 40 - 54 years,Other,Other reasons,10.4
Feb-17,People aged 40 - 54 years,Other,Did not know,0.6
Feb-17,People aged 55 years and over,Discouraged job seekers,Discouraged job seekers,25.1
Feb-17,People aged 55 years and over,Discouraged job seekers,Considered too young or too old by employers,15.5
Feb-17,People aged 55 years and over,Discouraged job seekers,Believes ill health or disability discourages employers,0.8
Feb-17,People aged 55 years and over,Discouraged job seekers,"Lacked necessary skills, education or experience",1.9
Feb-17,People aged 55 years and over,Discouraged job seekers,Cultural background or language difficulties,1.1
Feb-17,People aged 55 years and over,Discouraged job seekers,"No jobs in locality, line of work or no jobs at all",4.7
Feb-17,People aged 55 years and over,Discouraged job seekers,No jobs in suitable hours,1.3
Feb-17,People aged 55 years and over,Personal reasons,Personal reasons,42.0
Feb-17,People aged 55 years and over,Personal reasons,Own short-term illness or injury,4.3
Feb-17,People aged 55 years and over,Personal reasons,Own long-term health condition or disability,16.2
Feb-17,People aged 55 years and over,Personal reasons,Attending an educational institution,1.6
Feb-17,People aged 55 years and over,Personal reasons,Had no need or want to work,14.4
Feb-17,People aged 55 years and over,Personal reasons,Working in an unpaid voluntary job,2.8
Feb-17,People aged 55 years and over,Personal reasons,Problems with access to transport,0.5
Feb-17,People aged 55 years and over,Personal reasons,Moved house or holidays,2.3
Feb-17,People aged 55 years and over,Family reasons,Family reasons,12.9
Feb-17,People aged 55 years and over,Family reasons,Caring for ill or elderly person or family member,6.4
Feb-17,People aged 55 years and over,Family reasons,Childcare,2.5
Feb-17,People aged 55 years and over,Family reasons,Other family considerations,4.0
Feb-17,People aged 55 years and over,Other,Other reasons,16.0
Feb-17,People aged 55 years and over,Other,Did not know,4.0
Feb-18,People aged 15 - 24 years,Discouraged job seekers,Discouraged job seekers,4.8
Feb-18,People aged 15 - 24 years,Discouraged job seekers,Considered too young or too old by employers,0.2
Feb-18,People aged 15 - 24 years,Discouraged job seekers,Believes ill health or disability discourages employers,0.3
Feb-18,People aged 15 - 24 years,Discouraged job seekers,"Lacked necessary skills, education or experience",1.9
Feb-18,People aged 15 - 24 years,Discouraged job seekers,Cultural background or language difficulties,0.4
Feb-18,People aged 15 - 24 years,Discouraged job seekers,"No jobs in locality, line of work or no jobs at all",0.9
Feb-18,People aged 15 - 24 years,Discouraged job seekers,No jobs in suitable hours,1.0
Feb-18,People aged 15 - 24 years,Personal reasons,Personal reasons,74.7
Feb-18,People aged 15 - 24 years,Personal reasons,Own short-term illness or injury,1.7
Feb-18,People aged 15 - 24 years,Personal reasons,Own long-term health condition or disability,4.7
Feb-18,People aged 15 - 24 years,Personal reasons,Attending an educational institution,61.4
Feb-18,People aged 15 - 24 years,Personal reasons,Had no need or want to work,1.6
Feb-18,People aged 15 - 24 years,Personal reasons,Working in an unpaid voluntary job,0.6
Feb-18,People aged 15 - 24 years,Personal reasons,Problems with access to transport,1.7
Feb-18,People aged 15 - 24 years,Personal reasons,Moved house or holidays,3.0
Feb-18,People aged 15 - 24 years,Family reasons,Family reasons,8.2
Feb-18,People aged 15 - 24 years,Family reasons,Caring for ill or elderly person or family member,0.9
Feb-18,People aged 15 - 24 years,Family reasons,Childcare,5.9
Feb-18,People aged 15 - 24 years,Family reasons,Other family considerations,1.4
Feb-18,People aged 15 - 24 years,Other,Other reasons,8.9
Feb-18,People aged 15 - 24 years,Other,Did not know,3.4
Feb-18,People aged 25 - 39 years,Discouraged job seekers,Discouraged job seekers,6.0
Feb-18,People aged 25 - 39 years,Discouraged job seekers,Considered too young or too old by employers,0.1
Feb-18,People aged 25 - 39 years,Discouraged job seekers,Believes ill health or disability discourages employers,0.7
Feb-18,People aged 25 - 39 years,Discouraged job seekers,"Lacked necessary skills, education or experience",0.6
Feb-18,People aged 25 - 39 years,Discouraged job seekers,Cultural background or language difficulties,1.0
Feb-18,People aged 25 - 39 years,Discouraged job seekers,"No jobs in locality, line of work or no jobs at all",2.3
Feb-18,People aged 25 - 39 years,Discouraged job seekers,No jobs in suitable hours,1.2
Feb-18,People aged 25 - 39 years,Personal reasons,Personal reasons,27.4
Feb-18,People aged 25 - 39 years,Personal reasons,Own short-term illness or injury,2.6
Feb-18,People aged 25 - 39 years,Personal reasons,Own long-term health condition or disability,6.0
Feb-18,People aged 25 - 39 years,Personal reasons,Attending an educational institution,14.1
Feb-18,People aged 25 - 39 years,Personal reasons,Had no need or want to work,1.8
Feb-18,People aged 25 - 39 years,Personal reasons,Working in an unpaid voluntary job,0.3
Feb-18,People aged 25 - 39 years,Personal reasons,Problems with access to transport,0.5
Feb-18,People aged 25 - 39 years,Personal reasons,Moved house or holidays,2.0
Feb-18,People aged 25 - 39 years,Family reasons,Family reasons,57.8
Feb-18,People aged 25 - 39 years,Family reasons,Caring for ill or elderly person or family member,4.4
Feb-18,People aged 25 - 39 years,Family reasons,Childcare,45.8
Feb-18,People aged 25 - 39 years,Family reasons,Other family considerations,7.6
Feb-18,People aged 25 - 39 years,Other,Other reasons,6.7
Feb-18,People aged 25 - 39 years,Other,Did not know,2.1
Feb-18,People aged 40 - 54 years,Discouraged job seekers,Discouraged job seekers,13.7
Feb-18,People aged 40 - 54 years,Discouraged job seekers,Considered too young or too old by employers,2.2
Feb-18,People aged 40 - 54 years,Discouraged job seekers,Believes ill health or disability discourages employers,1.1
Feb-18,People aged 40 - 54 years,Discouraged job seekers,"Lacked necessary skills, education or experience",1.3
Feb-18,People aged 40 - 54 years,Discouraged job seekers,Cultural background or language difficulties,2.7
Feb-18,People aged 40 - 54 years,Discouraged job seekers,"No jobs in locality, line of work or no jobs at all",4.0
Feb-18,People aged 40 - 54 years,Discouraged job seekers,No jobs in suitable hours,2.5
Feb-18,People aged 40 - 54 years,Personal reasons,Personal reasons,36.1
Feb-18,People aged 40 - 54 years,Personal reasons,Own short-term illness or injury,4.3
Feb-18,People aged 40 - 54 years,Personal reasons,Own long-term health condition or disability,13.1
Feb-18,People aged 40 - 54 years,Personal reasons,Attending an educational institution,8.9
Feb-18,People aged 40 - 54 years,Personal reasons,Had no need or want to work,5.4
Feb-18,People aged 40 - 54 years,Personal reasons,Working in an unpaid voluntary job,0.3
Feb-18,People aged 40 - 54 years,Personal reasons,Problems with access to transport,0.3
Feb-18,People aged 40 - 54 years,Personal reasons,Moved house or holidays,3.8
Feb-18,People aged 40 - 54 years,Family reasons,Family reasons,38.4
Feb-18,People aged 40 - 54 years,Family reasons,Caring for ill or elderly person or family member,8.1
Feb-18,People aged 40 - 54 years,Family reasons,Childcare,20.4
Feb-18,People aged 40 - 54 years,Family reasons,Other family considerations,9.9
Feb-18,People aged 40 - 54 years,Other,Other reasons,9.2
Feb-18,People aged 40 - 54 years,Other,Did not know,2.6
Feb-18,People aged 55 years and over,Discouraged job seekers,Discouraged job seekers,25.5
Feb-18,People aged 55 years and over,Discouraged job seekers,Considered too young or too old by employers,14.9
Feb-18,People aged 55 years and over,Discouraged job seekers,Believes ill health or disability discourages employers,2.3
Feb-18,People aged 55 years and over,Discouraged job seekers,"Lacked necessary skills, education or experience",1.2
Feb-18,People aged 55 years and over,Discouraged job seekers,Cultural background or language difficulties,1.9
Feb-18,People aged 55 years and over,Discouraged job seekers,"No jobs in locality, line of work or no jobs at all",4.4
Feb-18,People aged 55 years and over,Discouraged job seekers,No jobs in suitable hours,0.9
Feb-18,People aged 55 years and over,Personal reasons,Personal reasons,44.5
Feb-18,People aged 55 years and over,Personal reasons,Own short-term illness or injury,5.5
Feb-18,People aged 55 years and over,Personal reasons,Own long-term health condition or disability,14.1
Feb-18,People aged 55 years and over,Personal reasons,Attending an educational institution,1.6
Feb-18,People aged 55 years and over,Personal reasons,Had no need or want to work,18.3
Feb-18,People aged 55 years and over,Personal reasons,Working in an unpaid voluntary job,3.5
Feb-18,People aged 55 years and over,Personal reasons,Problems with access to transport,0.2
Feb-18,People aged 55 years and over,Personal reasons,Moved house or holidays,1.4
Feb-18,People aged 55 years and over,Family reasons,Family reasons,12.2
Feb-18,People aged 55 years and over,Family reasons,Caring for ill or elderly person or family member,7.5
Feb-18,People aged 55 years and over,Family reasons,Childcare,1.2
Feb-18,People aged 55 years and over,Family reasons,Other family considerations,3.6
Feb-18,People aged 55 years and over,Other,Other reasons,14.0
Feb-18,People aged 55 years and over,Other,Did not know,3.7
Feb-19,People aged 15 - 24 years,Discouraged job seekers,Discouraged job seekers,4.7
Feb-19,People aged 15 - 24 years,Discouraged job seekers,Considered too young or too old by employers,0.0
Feb-19,People aged 15 - 24 years,Discouraged job seekers,Believes ill health or disability discourages employers,0.5
Feb-19,People aged 15 - 24 years,Discouraged job seekers,"Lacked necessary skills, education or experience",1.6
Feb-19,People aged 15 - 24 years,Discouraged job seekers,Cultural background or language difficulties,0.6
Feb-19,People aged 15 - 24 years,Discouraged job seekers,"No jobs in locality, line of work or no jobs at all",1.2
Feb-19,People aged 15 - 24 years,Discouraged job seekers,No jobs in suitable hours,0.8
Feb-19,People aged 15 - 24 years,Personal reasons,Personal reasons,75.7
Feb-19,People aged 15 - 24 years,Personal reasons,Own short-term illness or injury,2.0
Feb-19,People aged 15 - 24 years,Personal reasons,Own long-term health condition or disability,5.1
Feb-19,People aged 15 - 24 years,Personal reasons,Attending an educational institution,60.2
Feb-19,People aged 15 - 24 years,Personal reasons,Had no need or want to work,4.1
Feb-19,People aged 15 - 24 years,Personal reasons,Working in an unpaid voluntary job,0.1
Feb-19,People aged 15 - 24 years,Personal reasons,Problems with access to transport,1.6
Feb-19,People aged 15 - 24 years,Personal reasons,Moved house or holidays,2.6
Feb-19,People aged 15 - 24 years,Family reasons,Family reasons,8.1
Feb-19,People aged 15 - 24 years,Family reasons,Caring for ill or elderly person or family member,0.8
Feb-19,People aged 15 - 24 years,Family reasons,Childcare,6.2
Feb-19,People aged 15 - 24 years,Family reasons,Other family considerations,1.1
Feb-19,People aged 15 - 24 years,Other,Other reasons,8.0
Feb-19,People aged 15 - 24 years,Other,Did not know,3.5
Feb-19,People aged 25 - 39 years,Discouraged job seekers,Discouraged job seekers,5.2
Feb-19,People aged 25 - 39 years,Discouraged job seekers,Considered too young or too old by employers,0.0
Feb-19,People aged 25 - 39 years,Discouraged job seekers,Believes ill health or disability discourages employers,0.6
Feb-19,People aged 25 - 39 years,Discouraged job seekers,"Lacked necessary skills, education or experience",1.3
Feb-19,People aged 25 - 39 years,Discouraged job seekers,Cultural background or language difficulties,0.1
Feb-19,People aged 25 - 39 years,Discouraged job seekers,"No jobs in locality, line of work or no jobs at all",2.1
Feb-19,People aged 25 - 39 years,Discouraged job seekers,No jobs in suitable hours,1.0
Feb-19,People aged 25 - 39 years,Personal reasons,Personal reasons,30.1
Feb-19,People aged 25 - 39 years,Personal reasons,Own short-term illness or injury,3.1
Feb-19,People aged 25 - 39 years,Personal reasons,Own long-term health condition or disability,6.2
Feb-19,People aged 25 - 39 years,Personal reasons,Attending an educational institution,14.4
Feb-19,People aged 25 - 39 years,Personal reasons,Had no need or want to work,2.0
Feb-19,People aged 25 - 39 years,Personal reasons,Working in an unpaid voluntary job,0.1
Feb-19,People aged 25 - 39 years,Personal reasons,Problems with access to transport,0.5
Feb-19,People aged 25 - 39 years,Personal reasons,Moved house or holidays,3.8
Feb-19,People aged 25 - 39 years,Family reasons,Family reasons,55.7
Feb-19,People aged 25 - 39 years,Family reasons,Caring for ill or elderly person or family member,4.2
Feb-19,People aged 25 - 39 years,Family reasons,Childcare,41.7
Feb-19,People aged 25 - 39 years,Family reasons,Other family considerations,9.8
Feb-19,People aged 25 - 39 years,Other,Other reasons,6.4
Feb-19,People aged 25 - 39 years,Other,Did not know,2.6
Feb-19,People aged 40 - 54 years,Discouraged job seekers,Discouraged job seekers,16.4
Feb-19,People aged 40 - 54 years,Discouraged job seekers,Considered too young or too old by employers,1.7
Feb-19,People aged 40 - 54 years,Discouraged job seekers,Believes ill health or disability discourages employers,1.4
Feb-19,People aged 40 - 54 years,Discouraged job seekers,"Lacked necessary skills, education or experience",2.4
Feb-19,People aged 40 - 54 years,Discouraged job seekers,Cultural background or language difficulties,2.9
Feb-19,People aged 40 - 54 years,Discouraged job seekers,"No jobs in locality, line of work or no jobs at all",4.4
Feb-19,People aged 40 - 54 years,Discouraged job seekers,No jobs in suitable hours,3.7
Feb-19,People aged 40 - 54 years,Personal reasons,Personal reasons,35.1
Feb-19,People aged 40 - 54 years,Personal reasons,Own short-term illness or injury,4.7
Feb-19,People aged 40 - 54 years,Personal reasons,Own long-term health condition or disability,12.4
Feb-19,People aged 40 - 54 years,Personal reasons,Attending an educational institution,5.6
Feb-19,People aged 40 - 54 years,Personal reasons,Had no need or want to work,6.3
Feb-19,People aged 40 - 54 years,Personal reasons,Working in an unpaid voluntary job,1.9
Feb-19,People aged 40 - 54 years,Personal reasons,Problems with access to transport,0.1
Feb-19,People aged 40 - 54 years,Personal reasons,Moved house or holidays,4.1
Feb-19,People aged 40 - 54 years,Family reasons,Family reasons,34.5
Feb-19,People aged 40 - 54 years,Family reasons,Caring for ill or elderly person or family member,4.3
Feb-19,People aged 40 - 54 years,Family reasons,Childcare,23.1
Feb-19,People aged 40 - 54 years,Family reasons,Other family considerations,7.2
Feb-19,People aged 40 - 54 years,Other,Other reasons,10.1
Feb-19,People aged 40 - 54 years,Other,Did not know,3.9
Feb-19,People aged 55 years and over,Discouraged job seekers,Discouraged job seekers,21.7
Feb-19,People aged 55 years and over,Discouraged job seekers,Considered too young or too old by employers,14.1
Feb-19,People aged 55 years and over,Discouraged job seekers,Believes ill health or disability discourages employers,0.1
Feb-19,People aged 55 years and over,Discouraged job seekers,"Lacked necessary skills, education or experience",1.8
Feb-19,People aged 55 years and over,Discouraged job seekers,Cultural background or language difficulties,0.0
Feb-19,People aged 55 years and over,Discouraged job seekers,"No jobs in locality, line of work or no jobs at all",4.2
Feb-19,People aged 55 years and over,Discouraged job seekers,No jobs in suitable hours,1.5
Feb-19,People aged 55 years and over,Personal reasons,Personal reasons,48.1
Feb-19,People aged 55 years and over,Personal reasons,Own short-term illness or injury,3.0
Feb-19,People aged 55 years and over,Personal reasons,Own long-term health condition or disability,14.4
Feb-19,People aged 55 years and over,Personal reasons,Attending an educational institution,1.8
Feb-19,People aged 55 years and over,Personal reasons,Had no need or want to work,23.6
Feb-19,People aged 55 years and over,Personal reasons,Working in an unpaid voluntary job,3.3
Feb-19,People aged 55 years and over,Personal reasons,Problems with access to transport,0.2
Feb-19,People aged 55 years and over,Personal reasons,Moved house or holidays,1.8
Feb-19,People aged 55 years and over,Family reasons,Family reasons,13.3
Feb-19,People aged 55 years and over,Family reasons,Caring for ill or elderly person or family member,7.9
Feb-19,People aged 55 years and over,Family reasons,Childcare,3.0
Feb-19,People aged 55 years and over,Family reasons,Other family considerations,2.4
Feb-19,People aged 55 years and over,Other,Other reasons,13.9
Feb-19,People aged 55 years and over,Other,Did not know,3.1
Feb-20,People aged 15 - 24 years,Discouraged job seekers,Discouraged job seekers,7.2
Feb-20,People aged 15 - 24 years,Discouraged job seekers,Considered too young or too old by employers,0.3
Feb-20,People aged 15 - 24 years,Discouraged job seekers,Believes ill health or disability discourages employers,0.0
Feb-20,People aged 15 - 24 years,Discouraged job seekers,"Lacked necessary skills, education or experience",2.6
Feb-20,People aged 15 - 24 years,Discouraged job seekers,Cultural background or language difficulties,0.5
Feb-20,People aged 15 - 24 years,Discouraged job seekers,"No jobs in locality, line of work or no jobs at all",1.5
Feb-20,People aged 15 - 24 years,Discouraged job seekers,No jobs in suitable hours,2.3
Feb-20,People aged 15 - 24 years,Personal reasons,Personal reasons,73.5
Feb-20,People aged 15 - 24 years,Personal reasons,Own short-term illness or injury,1.6
Feb-20,People aged 15 - 24 years,Personal reasons,Own long-term health condition or disability,5.2
Feb-20,People aged 15 - 24 years,Personal reasons,Attending an educational institution,60.3
Feb-20,People aged 15 - 24 years,Personal reasons,Had no need or want to work,2.3
Feb-20,People aged 15 - 24 years,Personal reasons,Working in an unpaid voluntary job,0.5
Feb-20,People aged 15 - 24 years,Personal reasons,Problems with access to transport,0.5
Feb-20,People aged 15 - 24 years,Personal reasons,Moved house or holidays,3.2
Feb-20,People aged 15 - 24 years,Family reasons,Family reasons,6.4
Feb-20,People aged 15 - 24 years,Family reasons,Caring for ill or elderly person or family member,2.1
Feb-20,People aged 15 - 24 years,Family reasons,Childcare,2.9
Feb-20,People aged 15 - 24 years,Family reasons,Other family considerations,1.4
Feb-20,People aged 15 - 24 years,Other,Other reasons,9.3
Feb-20,People aged 15 - 24 years,Other,Did not know,3.6
Feb-20,People aged 25 - 39 years,Discouraged job seekers,Discouraged job seekers,6.1
Feb-20,People aged 25 - 39 years,Discouraged job seekers,Considered too young or too old by employers,0.0
Feb-20,People aged 25 - 39 years,Discouraged job seekers,Believes ill health or disability discourages employers,0.0
Feb-20,People aged 25 - 39 years,Discouraged job seekers,"Lacked necessary skills, education or experience",2.0
Feb-20,People aged 25 - 39 years,Discouraged job seekers,Cultural background or language difficulties,0.5
Feb-20,People aged 25 - 39 years,Discouraged job seekers,"No jobs in locality, line of work or no jobs at all",1.8
Feb-20,People aged 25 - 39 years,Discouraged job seekers,No jobs in suitable hours,1.8
Feb-20,People aged 25 - 39 years,Personal reasons,Personal reasons,32.1
Feb-20,People aged 25 - 39 years,Personal reasons,Own short-term illness or injury,3.5
Feb-20,People aged 25 - 39 years,Personal reasons,Own long-term health condition or disability,7.0
Feb-20,People aged 25 - 39 years,Personal reasons,Attending an educational institution,15.2
Feb-20,People aged 25 - 39 years,Personal reasons,Had no need or want to work,2.4
Feb-20,People aged 25 - 39 years,Personal reasons,Working in an unpaid voluntary job,0.8
Feb-20,People aged 25 - 39 years,Personal reasons,Problems with access to transport,0.7
Feb-20,People aged 25 - 39 years,Personal reasons,Moved house or holidays,2.5
Feb-20,People aged 25 - 39 years,Family reasons,Family reasons,54.2
Feb-20,People aged 25 - 39 years,Family reasons,Caring for ill or elderly person or family member,3.6
Feb-20,People aged 25 - 39 years,Family reasons,Childcare,41.3
Feb-20,People aged 25 - 39 years,Family reasons,Other family considerations,9.3
Feb-20,People aged 25 - 39 years,Other,Other reasons,5.5
Feb-20,People aged 25 - 39 years,Other,Did not know,2.0
Feb-20,People aged 40 - 54 years,Discouraged job seekers,Discouraged job seekers,9.5
Feb-20,People aged 40 - 54 years,Discouraged job seekers,Considered too young or too old by employers,0.4
Feb-20,People aged 40 - 54 years,Discouraged job seekers,Believes ill health or disability discourages employers,1.0
Feb-20,People aged 40 - 54 years,Discouraged job seekers,"Lacked necessary skills, education or experience",1.0
Feb-20,People aged 40 - 54 years,Discouraged job seekers,Cultural background or language difficulties,3.6
Feb-20,People aged 40 - 54 years,Discouraged job seekers,"No jobs in locality, line of work or no jobs at all",0.2
Feb-20,People aged 40 - 54 years,Discouraged job seekers,No jobs in suitable hours,3.3
Feb-20,People aged 40 - 54 years,Personal reasons,Personal reasons,38.6
Feb-20,People aged 40 - 54 years,Personal reasons,Own short-term illness or injury,3.5
Feb-20,People aged 40 - 54 years,Personal reasons,Own long-term health condition or disability,14.5
Feb-20,People aged 40 - 54 years,Personal reasons,Attending an educational institution,6.3
Feb-20,People aged 40 - 54 years,Personal reasons,Had no need or want to work,7.8
Feb-20,People aged 40 - 54 years,Personal reasons,Working in an unpaid voluntary job,1.4
Feb-20,People aged 40 - 54 years,Personal reasons,Problems with access to transport,0.8
Feb-20,People aged 40 - 54 years,Personal reasons,Moved house or holidays,4.3
Feb-20,People aged 40 - 54 years,Family reasons,Family reasons,40.0
Feb-20,People aged 40 - 54 years,Family reasons,Caring for ill or elderly person or family member,7.1
Feb-20,People aged 40 - 54 years,Family reasons,Childcare,25.0
Feb-20,People aged 40 - 54 years,Family reasons,Other family considerations,7.9
Feb-20,People aged 40 - 54 years,Other,Other reasons,9.6
Feb-20,People aged 40 - 54 years,Other,Did not know,2.2
Feb-20,People aged 55 years and over,Discouraged job seekers,Discouraged job seekers,24.9
Feb-20,People aged 55 years and over,Discouraged job seekers,Considered too young or too old by employers,16.4
Feb-20,People aged 55 years and over,Discouraged job seekers,Believes ill health or disability discourages employers,0.9
Feb-20,People aged 55 years and over,Discouraged job seekers,"Lacked necessary skills, education or experience",1.3
Feb-20,People aged 55 years and over,Discouraged job seekers,Cultural background or language difficulties,1.5
Feb-20,People aged 55 years and over,Discouraged job seekers,"No jobs in locality, line of work or no jobs at all",3.4
Feb-20,People aged 55 years and over,Discouraged job seekers,No jobs in suitable hours,1.4
Feb-20,People aged 55 years and over,Personal reasons,Personal reasons,44.3
Feb-20,People aged 55 years and over,Personal reasons,Own short-term illness or injury,5.4
Feb-20,People aged 55 years and over,Personal reasons,Own long-term health condition or disability,12.8
Feb-20,People aged 55 years and over,Personal reasons,Attending an educational institution,1.1
Feb-20,People aged 55 years and over,Personal reasons,Had no need or want to work,21.2
Feb-20,People aged 55 years and over,Personal reasons,Working in an unpaid voluntary job,3.2
Feb-20,People aged 55 years and over,Personal reasons,Problems with access to transport,0.0
Feb-20,People aged 55 years and over,Personal reasons,Moved house or holidays,0.6
Feb-20,People aged 55 years and over,Family reasons,Family reasons,11.3
Feb-20,People aged 55 years and over,Family reasons,Caring for ill or elderly person or family member,6.0
Feb-20,People aged 55 years and over,Family reasons,Childcare,1.6
Feb-20,People aged 55 years and over,Family reasons,Other family considerations,3.8
Feb-20,People aged 55 years and over,Other,Other reasons,17.6
Feb-20,People aged 55 years and over,Other,Did not know,1.8
Feb-21,People aged 15 - 24 years,Discouraged job seekers,Discouraged job seekers,7.3
Feb-21,People aged 15 - 24 years,Discouraged job seekers,Considered too young or too old by employers,0.0
Feb-21,People aged 15 - 24 years,Discouraged job seekers,Believes ill health or disability discourages employers,0.7
Feb-21,People aged 15 - 24 years,Discouraged job seekers,"Lacked necessary skills, education or experience",2.2
Feb-21,People aged 15 - 24 years,Discouraged job seekers,Cultural background or language difficulties,0.0
Feb-21,People aged 15 - 24 years,Discouraged job seekers,"No jobs in locality, line of work or no jobs at all",3.1
Feb-21,People aged 15 - 24 years,Discouraged job seekers,No jobs in suitable hours,1.3
Feb-21,People aged 15 - 24 years,Personal reasons,Personal reasons,72.6
Feb-21,People aged 15 - 24 years,Personal reasons,Own short-term illness or injury,2.4
Feb-21,People aged 15 - 24 years,Personal reasons,Own long-term health condition or disability,4.0
Feb-21,People aged 15 - 24 years,Personal reasons,Attending an educational institution,60.9
Feb-21,People aged 15 - 24 years,Personal reasons,Had no need or want to work,2.4
Feb-21,People aged 15 - 24 years,Personal reasons,Working in an unpaid voluntary job,0.0
Feb-21,People aged 15 - 24 years,Personal reasons,Problems with access to transport,1.2
Feb-21,People aged 15 - 24 years,Personal reasons,Moved house or holidays,1.6
Feb-21,People aged 15 - 24 years,Family reasons,Family reasons,5.4
Feb-21,People aged 15 - 24 years,Family reasons,Caring for ill or elderly person or family member,0.8
Feb-21,People aged 15 - 24 years,Family reasons,Childcare,3.0
Feb-21,People aged 15 - 24 years,Family reasons,Other family considerations,1.5
Feb-21,People aged 15 - 24 years,Other,Other reasons,11.5
Feb-21,People aged 15 - 24 years,Other,Did not know,3.3
Feb-21,People aged 25 - 39 years,Discouraged job seekers,Discouraged job seekers,6.4
Feb-21,People aged 25 - 39 years,Discouraged job seekers,Considered too young or too old by employers,0.0
Feb-21,People aged 25 - 39 years,Discouraged job seekers,Believes ill health or disability discourages employers,0.6
Feb-21,People aged 25 - 39 years,Discouraged job seekers,"Lacked necessary skills, education or experience",1.4
Feb-21,People aged 25 - 39 years,Discouraged job seekers,Cultural background or language difficulties,1.0
Feb-21,People aged 25 - 39 years,Discouraged job seekers,"No jobs in locality, line of work or no jobs at all",1.2
Feb-21,People aged 25 - 39 years,Discouraged job seekers,No jobs in suitable hours,2.3
Feb-21,People aged 25 - 39 years,Personal reasons,Personal reasons,31.6
Feb-21,People aged 25 - 39 years,Personal reasons,Own short-term illness or injury,2.3
Feb-21,People aged 25 - 39 years,Personal reasons,Own long-term health condition or disability,7.3
Feb-21,People aged 25 - 39 years,Personal reasons,Attending an educational institution,18.5
Feb-21,People aged 25 - 39 years,Personal reasons,Had no need or want to work,1.7
Feb-21,People aged 25 - 39 years,Personal reasons,Working in an unpaid voluntary job,0.5
Feb-21,People aged 25 - 39 years,Personal reasons,Problems with access to transport,0.3
Feb-21,People aged 25 - 39 years,Personal reasons,Moved house or holidays,0.8
Feb-21,People aged 25 - 39 years,Family reasons,Family reasons,49.9
Feb-21,People aged 25 - 39 years,Family reasons,Caring for ill or elderly person or family member,3.2
Feb-21,People aged 25 - 39 years,Family reasons,Childcare,39.4
Feb-21,People aged 25 - 39 years,Family reasons,Other family considerations,7.3
Feb-21,People aged 25 - 39 years,Other,Other reasons,9.7
Feb-21,People aged 25 - 39 years,Other,Did not know,2.4
Feb-21,People aged 40 - 54 years,Discouraged job seekers,Discouraged job seekers,10.9
Feb-21,People aged 40 - 54 years,Discouraged job seekers,Considered too young or too old by employers,0.9
Feb-21,People aged 40 - 54 years,Discouraged job seekers,Believes ill health or disability discourages employers,1.1
Feb-21,People aged 40 - 54 years,Discouraged job seekers,"Lacked necessary skills, education or experience",1.5
Feb-21,People aged 40 - 54 years,Discouraged job seekers,Cultural background or language difficulties,1.6
Feb-21,People aged 40 - 54 years,Discouraged job seekers,"No jobs in locality, line of work or no jobs at all",4.2
Feb-21,People aged 40 - 54 years,Discouraged job seekers,No jobs in suitable hours,1.6
Feb-21,People aged 40 - 54 years,Personal reasons,Personal reasons,36.3
Feb-21,People aged 40 - 54 years,Personal reasons,Own short-term illness or injury,6.1
Feb-21,People aged 40 - 54 years,Personal reasons,Own long-term health condition or disability,11.8
Feb-21,People aged 40 - 54 years,Personal reasons,Attending an educational institution,9.4
Feb-21,People aged 40 - 54 years,Personal reasons,Had no need or want to work,7.2
Feb-21,People aged 40 - 54 years,Personal reasons,Working in an unpaid voluntary job,0.4
Feb-21,People aged 40 - 54 years,Personal reasons,Problems with access to transport,0.5
Feb-21,People aged 40 - 54 years,Personal reasons,Moved house or holidays,0.7
Feb-21,People aged 40 - 54 years,Family reasons,Family reasons,39.9
Feb-21,People aged 40 - 54 years,Family reasons,Caring for ill or elderly person or family member,8.6
Feb-21,People aged 40 - 54 years,Family reasons,Childcare,25.6
Feb-21,People aged 40 - 54 years,Family reasons,Other family considerations,5.6
Feb-21,People aged 40 - 54 years,Other,Other reasons,8.3
Feb-21,People aged 40 - 54 years,Other,Did not know,4.6
Feb-21,People aged 55 years and over,Discouraged job seekers,Discouraged job seekers,28.5
Feb-21,People aged 55 years and over,Discouraged job seekers,Considered too young or too old by employers,18.0
Feb-21,People aged 55 years and over,Discouraged job seekers,Believes ill health or disability discourages employers,1.5
Feb-21,People aged 55 years and over,Discouraged job seekers,"Lacked necessary skills, education or experience",0.2
Feb-21,People aged 55 years and over,Discouraged job seekers,Cultural background or language difficulties,1.9
Feb-21,People aged 55 years and over,Discouraged job seekers,"No jobs in locality, line of work or no jobs at all",4.7
Feb-21,People aged 55 years and over,Discouraged job seekers,No jobs in suitable hours,2.2
Feb-21,People aged 55 years and over,Personal reasons,Personal reasons,47.7
Feb-21,People aged 55 years and over,Personal reasons,Own short-term illness or injury,5.0
Feb-21,People aged 55 years and over,Personal reasons,Own long-term health condition or disability,15.5
Feb-21,People aged 55 years and over,Personal reasons,Attending an educational institution,0.9
Feb-21,People aged 55 years and over,Personal reasons,Had no need or want to work,20.5
Feb-21,People aged 55 years and over,Personal reasons,Working in an unpaid voluntary job,3.0
Feb-21,People aged 55 years and over,Personal reasons,Problems with access to transport,0.5
Feb-21,People aged 55 years and over,Personal reasons,Moved house or holidays,2.3
Feb-21,People aged 55 years and over,Family reasons,Family reasons,7.9
Feb-21,People aged 55 years and over,Family reasons,Caring for ill or elderly person or family member,3.4
Feb-21,People aged 55 years and over,Family reasons,Childcare,2.0
Feb-21,People aged 55 years and over,Family reasons,Other family considerations,2.6
Feb-21,People aged 55 years and over,Other,Other reasons,14.1
Feb-21,People aged 55 years and over,Other,Did not know,1.8
Feb-22,People aged 15 - 24 years,Discouraged job seekers,Discouraged job seekers,5.3
Feb-22,People aged 15 - 24 years,Discouraged job seekers,Considered too young or too old by employers,0.6
Feb-22,People aged 15 - 24 years,Discouraged job seekers,Believes ill health or disability discourages employers,0.7
Feb-22,People aged 15 - 24 years,Discouraged job seekers,"Lacked necessary skills, education or experience",1.5
Feb-22,People aged 15 - 24 years,Discouraged job seekers,Cultural background or language difficulties,0.0
Feb-22,People aged 15 - 24 years,Discouraged job seekers,"No jobs in locality, line of work or no jobs at all",1.4
Feb-22,People aged 15 - 24 years,Discouraged job seekers,No jobs in suitable hours,1.2
Feb-22,People aged 15 - 24 years,Personal reasons,Personal reasons,72.2
Feb-22,People aged 15 - 24 years,Personal reasons,Own short-term illness or injury,2.4
Feb-22,People aged 15 - 24 years,Personal reasons,Own long-term health condition or disability,8.1
Feb-22,People aged 15 - 24 years,Personal reasons,Attending an educational institution,51.8
Feb-22,People aged 15 - 24 years,Personal reasons,Had no need or want to work,4.6
Feb-22,People aged 15 - 24 years,Personal reasons,Working in an unpaid voluntary job,0.5
Feb-22,People aged 15 - 24 years,Personal reasons,Problems with access to transport,1.8
Feb-22,People aged 15 - 24 years,Personal reasons,Moved house or holidays,3.2
Feb-22,People aged 15 - 24 years,Family reasons,Family reasons,2.9
Feb-22,People aged 15 - 24 years,Family reasons,Caring for ill or elderly person or family member,0.3
Feb-22,People aged 15 - 24 years,Family reasons,Childcare,1.9
Feb-22,People aged 15 - 24 years,Family reasons,Other family considerations,0.6
Feb-22,People aged 15 - 24 years,Other,Other reasons,13.3
Feb-22,People aged 15 - 24 years,Other,Did not know,6.4
Feb-22,People aged 25 - 39 years,Discouraged job seekers,Discouraged job seekers,7.7
Feb-22,People aged 25 - 39 years,Discouraged job seekers,Considered too young or too old by employers,0.0
Feb-22,People aged 25 - 39 years,Discouraged job seekers,Believes ill health or disability discourages employers,1.3
Feb-22,People aged 25 - 39 years,Discouraged job seekers,"Lacked necessary skills, education or experience",2.9
Feb-22,People aged 25 - 39 years,Discouraged job seekers,Cultural background or language difficulties,1.2
Feb-22,People aged 25 - 39 years,Discouraged job seekers,"No jobs in locality, line of work or no jobs at all",1.2
Feb-22,People aged 25 - 39 years,Discouraged job seekers,No jobs in suitable hours,1.1
Feb-22,People aged 25 - 39 years,Personal reasons,Personal reasons,32.4
Feb-22,People aged 25 - 39 years,Personal reasons,Own short-term illness or injury,2.9
Feb-22,People aged 25 - 39 years,Personal reasons,Own long-term health condition or disability,8.5
Feb-22,People aged 25 - 39 years,Personal reasons,Attending an educational institution,12.7
Feb-22,People aged 25 - 39 years,Personal reasons,Had no need or want to work,4.4
Feb-22,People aged 25 - 39 years,Personal reasons,Working in an unpaid voluntary job,1.4
Feb-22,People aged 25 - 39 years,Personal reasons,Problems with access to transport,1.3
Feb-22,People aged 25 - 39 years,Personal reasons,Moved house or holidays,1.3
Feb-22,People aged 25 - 39 years,Family reasons,Family reasons,46.1
Feb-22,People aged 25 - 39 years,Family reasons,Caring for ill or elderly person or family member,2.1
Feb-22,People aged 25 - 39 years,Family reasons,Childcare,39.0
Feb-22,People aged 25 - 39 years,Family reasons,Other family considerations,4.9
Feb-22,People aged 25 - 39 years,Other,Other reasons,11.6
Feb-22,People aged 25 - 39 years,Other,Did not know,2.1
Feb-22,People aged 40 - 54 years,Discouraged job seekers,Discouraged job seekers,11.9
Feb-22,People aged 40 - 54 years,Discouraged job seekers,Considered too young or too old by employers,0.9
Feb-22,People aged 40 - 54 years,Discouraged job seekers,Believes ill health or disability discourages employers,0.9
Feb-22,People aged 40 - 54 years,Discouraged job seekers,"Lacked necessary skills, education or experience",2.9
Feb-22,People aged 40 - 54 years,Discouraged job seekers,Cultural background or language difficulties,1.6
Feb-22,People aged 40 - 54 years,Discouraged job seekers,"No jobs in locality, line of work or no jobs at all",4.3
Feb-22,People aged 40 - 54 years,Discouraged job seekers,No jobs in suitable hours,1.2
Feb-22,People aged 40 - 54 years,Personal reasons,Personal reasons,38.2
Feb-22,People aged 40 - 54 years,Personal reasons,Own short-term illness or injury,5.5
Feb-22,People aged 40 - 54 years,Personal reasons,Own long-term health condition or disability,11.7
Feb-22,People aged 40 - 54 years,Personal reasons,Attending an educational institution,5.4
Feb-22,People aged 40 - 54 years,Personal reasons,Had no need or want to work,11.9
Feb-22,People aged 40 - 54 years,Personal reasons,Working in an unpaid voluntary job,1.3
Feb-22,People aged 40 - 54 years,Personal reasons,Problems with access to transport,0.0
Feb-22,People aged 40 - 54 years,Personal reasons,Moved house or holidays,2.5
Feb-22,People aged 40 - 54 years,Family reasons,Family reasons,35.6
Feb-22,People aged 40 - 54 years,Family reasons,Caring for ill or elderly person or family member,6.4
Feb-22,People aged 40 - 54 years,Family reasons,Childcare,20.8
Feb-22,People aged 40 - 54 years,Family reasons,Other family considerations,8.5
Feb-22,People aged 40 - 54 years,Other,Other reasons,9.8
Feb-22,People aged 40 - 54 years,Other,Did not know,4.4
Feb-22,People aged 55 years and over,Discouraged job seekers,Discouraged job seekers,22.9
Feb-22,People aged 55 years and over,Discouraged job seekers,Considered too young or too old by employers,12.9
Feb-22,People aged 55 years and over,Discouraged job seekers,Believes ill health or disability discourages employers,1.4
Feb-22,People aged 55 years and over,Discouraged job seekers,"Lacked necessary skills, education or experience",1.5
Feb-22,People aged 55 years and over,Discouraged job seekers,Cultural background or language difficulties,1.0
Feb-22,People aged 55 years and over,Discouraged job seekers,"No jobs in locality, line of work or no jobs at all",4.0
Feb-22,People aged 55 years and over,Discouraged job seekers,No jobs in suitable hours,2.0
Feb-22,People aged 55 years and over,Personal reasons,Personal reasons,42.9
Feb-22,People aged 55 years and over,Personal reasons,Own short-term illness or injury,2.9
Feb-22,People aged 55 years and over,Personal reasons,Own long-term health condition or disability,11.5
Feb-22,People aged 55 years and over,Personal reasons,Attending an educational institution,0.3
Feb-22,People aged 55 years and over,Personal reasons,Had no need or want to work,22.4
Feb-22,People aged 55 years and over,Personal reasons,Working in an unpaid voluntary job,3.1
Feb-22,People aged 55 years and over,Personal reasons,Problems with access to transport,0.8
Feb-22,People aged 55 years and over,Personal reasons,Moved house or holidays,1.9
Feb-22,People aged 55 years and over,Family reasons,Family reasons,12.4
Feb-22,People aged 55 years and over,Family reasons,Caring for ill or elderly person or family member,6.7
Feb-22,People aged 55 years and over,Family reasons,Childcare,4.4
Feb-22,People aged 55 years and over,Family reasons,Other family considerations,1.2
Feb-22,People aged 55 years and over,Other,Other reasons,16.5
Feb-22,People aged 55 years and over,Other,Did not know,5.3
Feb-23,People aged 15 - 24 years,Discouraged job seekers,Discouraged job seekers,5.7
Feb-23,People aged 15 - 24 years,Discouraged job seekers,Considered too young or too old by employers,0.4
Feb-23,People aged 15 - 24 years,Discouraged job seekers,Believes ill health or disability discourages employers,0.0
Feb-23,People aged 15 - 24 years,Discouraged job seekers,"Lacked necessary skills, education or experience",2.0
Feb-23,People aged 15 - 24 years,Discouraged job seekers,Cultural background or language difficulties,0.3
Feb-23,People aged 15 - 24 years,Discouraged job seekers,"No jobs in locality, line of work or no jobs at all",1.6
Feb-23,People aged 15 - 24 years,Discouraged job seekers,No jobs in suitable hours,1.4
Feb-23,People aged 15 - 24 years,Personal reasons,Personal reasons,70.0
Feb-23,People aged 15 - 24 years,Personal reasons,Own short-term illness or injury,1.3
Feb-23,People aged 15 - 24 years,Personal reasons,Own long-term health condition or disability,5.2
Feb-23,People aged 15 - 24 years,Personal reasons,Attending an educational institution,55.2
Feb-23,People aged 15 - 24 years,Personal reasons,Had no need or want to work,3.7
Feb-23,People aged 15 - 24 years,Personal reasons,Working in an unpaid voluntary job,0.3
Feb-23,People aged 15 - 24 years,Personal reasons,Problems with access to transport,0.6
Feb-23,People aged 15 - 24 years,Personal reasons,Moved house or holidays,3.7
Feb-23,People aged 15 - 24 years,Family reasons,Family reasons,8.2
Feb-23,People aged 15 - 24 years,Family reasons,Caring for ill or elderly person or family member,1.4
Feb-23,People aged 15 - 24 years,Family reasons,Childcare,5.4
Feb-23,People aged 15 - 24 years,Family reasons,Other family considerations,1.4
Feb-23,People aged 15 - 24 years,Other,Other reasons,10.6
Feb-23,People aged 15 - 24 years,Other,Did not know,5.5
Feb-23,People aged 25 - 39 years,Discouraged job seekers,Discouraged job seekers,7.1
Feb-23,People aged 25 - 39 years,Discouraged job seekers,Considered too young or too old by employers,0.0
Feb-23,People aged 25 - 39 years,Discouraged job seekers,Believes ill health or disability discourages employers,0.8
Feb-23,People aged 25 - 39 years,Discouraged job seekers,"Lacked necessary skills, education or experience",1.8
Feb-23,People aged 25 - 39 years,Discouraged job seekers,Cultural background or language difficulties,1.5
Feb-23,People aged 25 - 39 years,Discouraged job seekers,"No jobs in locality, line of work or no jobs at all",1.3
Feb-23,People aged 25 - 39 years,Discouraged job seekers,No jobs in suitable hours,1.7
Feb-23,People aged 25 - 39 years,Personal reasons,Personal reasons,28.3
Feb-23,People aged 25 - 39 years,Personal reasons,Own short-term illness or injury,1.6
Feb-23,People aged 25 - 39 years,Personal reasons,Own long-term health condition or disability,6.9
Feb-23,People aged 25 - 39 years,Personal reasons,Attending an educational institution,12.1
Feb-23,People aged 25 - 39 years,Personal reasons,Had no need or want to work,4.6
Feb-23,People aged 25 - 39 years,Personal reasons,Working in an unpaid voluntary job,0.5
Feb-23,People aged 25 - 39 years,Personal reasons,Problems with access to transport,0.4
Feb-23,People aged 25 - 39 years,Personal reasons,Moved house or holidays,2.3
Feb-23,People aged 25 - 39 years,Family reasons,Family reasons,52.9
Feb-23,People aged 25 - 39 years,Family reasons,Caring for ill or elderly person or family member,2.8
Feb-23,People aged 25 - 39 years,Family reasons,Childcare,43.0
Feb-23,People aged 25 - 39 years,Family reasons,Other family considerations,7.1
Feb-23,People aged 25 - 39 years,Other,Other reasons,9.9
Feb-23,People aged 25 - 39 years,Other,Did not know,1.8
Feb-23,People aged 40 - 54 years,Discouraged job seekers,Discouraged job seekers,11.9
Feb-23,People aged 40 - 54 years,Discouraged job seekers,Considered too young or too old by employers,0.3
Feb-23,People aged 40 - 54 years,Discouraged job seekers,Believes ill health or disability discourages employers,1.8
Feb-23,People aged 40 - 54 years,Discouraged job seekers,"Lacked necessary skills, education or experience",1.9
Feb-23,People aged 40 - 54 years,Discouraged job seekers,Cultural background or language difficulties,1.8
Feb-23,People aged 40 - 54 years,Discouraged job seekers,"No jobs in locality, line of work or no jobs at all",3.7
Feb-23,People aged 40 - 54 years,Discouraged job seekers,No jobs in suitable hours,2.4
Feb-23,People aged 40 - 54 years,Personal reasons,Personal reasons,41.1
Feb-23,People aged 40 - 54 years,Personal reasons,Own short-term illness or injury,6.0
Feb-23,People aged 40 - 54 years,Personal reasons,Own long-term health condition or disability,17.0
Feb-23,People aged 40 - 54 years,Personal reasons,Attending an educational institution,10.4
Feb-23,People aged 40 - 54 years,Personal reasons,Had no need or want to work,5.5
Feb-23,People aged 40 - 54 years,Personal reasons,Working in an unpaid voluntary job,0.6
Feb-23,People aged 40 - 54 years,Personal reasons,Problems with access to transport,0.2
Feb-23,People aged 40 - 54 years,Personal reasons,Moved house or holidays,1.4
Feb-23,People aged 40 - 54 years,Family reasons,Family reasons,36.7
Feb-23,People aged 40 - 54 years,Family reasons,Caring for ill or elderly person or family member,5.5
Feb-23,People aged 40 - 54 years,Family reasons,Childcare,23.9
Feb-23,People aged 40 - 54 years,Family reasons,Other family considerations,7.3
Feb-23,People aged 40 - 54 years,Other,Other reasons,8.9
Feb-23,People aged 40 - 54 years,Other,Did not know,1.4
Feb-23,People aged 55 years and over,Discouraged job seekers,Discouraged job seekers,20.7
Feb-23,People aged 55 years and over,Discouraged job seekers,Considered too young or too old by employers,10.5
Feb-23,People aged 55 years and over,Discouraged job seekers,Believes ill health or disability discourages employers,0.8
Feb-23,People aged 55 years and over,Discouraged job seekers,"Lacked necessary skills, education or experience",1.1
Feb-23,People aged 55 years and over,Discouraged job seekers,Cultural background or language difficulties,0.9
Feb-23,People aged 55 years and over,Discouraged job seekers,"No jobs in locality, line of work or no jobs at all",5.0
Feb-23,People aged 55 years and over,Discouraged job seekers,No jobs in suitable hours,2.4
Feb-23,People aged 55 years and over,Personal reasons,Personal reasons,46.4
Feb-23,People aged 55 years and over,Personal reasons,Own short-term illness or injury,4.7
Feb-23,People aged 55 years and over,Personal reasons,Own long-term health condition or disability,13.8
Feb-23,People aged 55 years and over,Personal reasons,Attending an educational institution,1.2
Feb-23,People aged 55 years and over,Personal reasons,Had no need or want to work,21.9
Feb-23,People aged 55 years and over,Personal reasons,Working in an unpaid voluntary job,2.3
Feb-23,People aged 55 years and over,Personal reasons,Problems with access to transport,1.3
Feb-23,People aged 55 years and over,Personal reasons,Moved house or holidays,1.2
Feb-23,People aged 55 years and over,Family reasons,Family reasons,11.0
Feb-23,People aged 55 years and over,Family reasons,Caring for ill or elderly person or family member,5.6
Feb-23,People aged 55 years and over,Family reasons,Childcare,3.0
Feb-23,People aged 55 years and over,Family reasons,Other family considerations,2.4
Feb-23,People aged 55 years and over,Other,Other reasons,17.4
Feb-23,People aged 55 years and over,Other,Did not know,4.5
Feb-24,People aged 15 - 24 years,Discouraged job seekers,Discouraged job seekers,5.5
Feb-24,People aged 15 - 24 years,Discouraged job seekers,Considered too young or too old by employers,0.2
Feb-24,People aged 15 - 24 years,Discouraged job seekers,Believes ill health or disability discourages employers,0.3
Feb-24,People aged 15 - 24 years,Discouraged job seekers,"Lacked necessary skills, education or experience",2.1
Feb-24,People aged 15 - 24 years,Discouraged job seekers,Cultural background or language difficulties,0.3
Feb-24,People aged 15 - 24 years,Discouraged job seekers,"No jobs in locality, line of work or no jobs at all",1.9
Feb-24,People aged 15 - 24 years,Discouraged job seekers,No jobs in suitable hours,0.6
Feb-24,People aged 15 - 24 years,Personal reasons,Personal reasons,76.3
Feb-24,People aged 15 - 24 years,Personal reasons,Own short-term illness or injury,2.4
Feb-24,People aged 15 - 24 years,Personal reasons,Own long-term health condition or disability,7.3
Feb-24,People aged 15 - 24 years,Personal reasons,Attending an educational institution,58.1
Feb-24,People aged 15 - 24 years,Personal reasons,Had no need or want to work,3.3
Feb-24,People aged 15 - 24 years,Personal reasons,Working in an unpaid voluntary job,0.3
Feb-24,People aged 15 - 24 years,Personal reasons,Problems with access to transport,1.6
Feb-24,People aged 15 - 24 years,Personal reasons,Moved house or holidays,3.3
Feb-24,People aged 15 - 24 years,Family reasons,Family reasons,2.0
Feb-24,People aged 15 - 24 years,Family reasons,Caring for ill or elderly person or family member,0.1
Feb-24,People aged 15 - 24 years,Family reasons,Childcare,1.7
Feb-24,People aged 15 - 24 years,Family reasons,Other family considerations,0.1
Feb-24,People aged 15 - 24 years,Other,Other reasons,11.7
Feb-24,People aged 15 - 24 years,Other,Did not know,4.6
Feb-24,People aged 25 - 39 years,Discouraged job seekers,Discouraged job seekers,3.8
Feb-24,People aged 25 - 39 years,Discouraged job seekers,Considered too young or too old by employers,0.0
Feb-24,People aged 25 - 39 years,Discouraged job seekers,Believes ill health or disability discourages employers,0.3
Feb-24,People aged 25 - 39 years,Discouraged job seekers,"Lacked necessary skills, education or experience",1.8
Feb-24,People aged 25 - 39 years,Discouraged job seekers,Cultural background or language difficulties,0.0
Feb-24,People aged 25 - 39 years,Discouraged job seekers,"No jobs in locality, line of work or no jobs at all",0.2
Feb-24,People aged 25 - 39 years,Discouraged job seekers,No jobs in suitable hours,1.5
Feb-24,People aged 25 - 39 years,Personal reasons,Personal reasons,38.1
Feb-24,People aged 25 - 39 years,Personal reasons,Own short-term illness or injury,3.1
Feb-24,People aged 25 - 39 years,Personal reasons,Own long-term health condition or disability,9.9
Feb-24,People aged 25 - 39 years,Personal reasons,Attending an educational institution,15.0
Feb-24,People aged 25 - 39 years,Personal reasons,Had no need or want to work,5.7
Feb-24,People aged 25 - 39 years,Personal reasons,Working in an unpaid voluntary job,0.6
Feb-24,People aged 25 - 39 years,Personal reasons,Problems with access to transport,0.6
Feb-24,People aged 25 - 39 years,Personal reasons,Moved house or holidays,3.2
Feb-24,People aged 25 - 39 years,Family reasons,Family reasons,44.1
Feb-24,People aged 25 - 39 years,Family reasons,Caring for ill or elderly person or family member,3.0
Feb-24,People aged 25 - 39 years,Family reasons,Childcare,35.8
Feb-24,People aged 25 - 39 years,Family reasons,Other family considerations,5.4
Feb-24,People aged 25 - 39 years,Other,Other reasons,10.8
Feb-24,People aged 25 - 39 years,Other,Did not know,3.2
Feb-24,People aged 40 - 54 years,Discouraged job seekers,Discouraged job seekers,8.8
Feb-24,People aged 40 - 54 years,Discouraged job seekers,Considered too young or too old by employers,1.9
Feb-24,People aged 40 - 54 years,Discouraged job seekers,Believes ill health or disability discourages employers,1.1
Feb-24,People aged 40 - 54 years,Discouraged job seekers,"Lacked necessary skills, education or experience",2.9
Feb-24,People aged 40 - 54 years,Discouraged job seekers,Cultural background or language difficulties,1.0
Feb-24,People aged 40 - 54 years,Discouraged job seekers,"No jobs in locality, line of work or no jobs at all",0.9
Feb-24,People aged 40 - 54 years,Discouraged job seekers,No jobs in suitable hours,0.8
Feb-24,People aged 40 - 54 years,Personal reasons,Personal reasons,36.8
Feb-24,People aged 40 - 54 years,Personal reasons,Own short-term illness or injury,4.7
Feb-24,People aged 40 - 54 years,Personal reasons,Own long-term health condition or disability,16.9
Feb-24,People aged 40 - 54 years,Personal reasons,Attending an educational institution,6.8
Feb-24,People aged 40 - 54 years,Personal reasons,Had no need or want to work,5.8
Feb-24,People aged 40 - 54 years,Personal reasons,Working in an unpaid voluntary job,0.0
Feb-24,People aged 40 - 54 years,Personal reasons,Problems with access to transport,0.5
Feb-24,People aged 40 - 54 years,Personal reasons,Moved house or holidays,2.1
Feb-24,People aged 40 - 54 years,Family reasons,Family reasons,38.9
Feb-24,People aged 40 - 54 years,Family reasons,Caring for ill or elderly person or family member,6.9
Feb-24,People aged 40 - 54 years,Family reasons,Childcare,26.1
Feb-24,People aged 40 - 54 years,Family reasons,Other family considerations,5.9
Feb-24,People aged 40 - 54 years,Other,Other reasons,11.4
Feb-24,People aged 40 - 54 years,Other,Did not know,4.1
Feb-24,People aged 55 years and over,Discouraged job seekers,Discouraged job seekers,18.5
Feb-24,People aged 55 years and over,Discouraged job seekers,Considered too young or too old by employers,10.9
Feb-24,People aged 55 years and over,Discouraged job seekers,Believes ill health or disability discourages employers,0.6
Feb-24,People aged 55 years and over,Discouraged job seekers,"Lacked necessary skills, education or experience",0.8
Feb-24,People aged 55 years and over,Discouraged job seekers,Cultural background or language difficulties,0.3
Feb-24,People aged 55 years and over,Discouraged job seekers,"No jobs in locality, line of work or no jobs at all",4.1
Feb-24,People aged 55 years and over,Discouraged job seekers,No jobs in suitable hours,1.8
Feb-24,People aged 55 years and over,Personal reasons,Personal reasons,54.1
Feb-24,People aged 55 years and over,Personal reasons,Own short-term illness or injury,7.5
Feb-24,People aged 55 years and over,Personal reasons,Own long-term health condition or disability,16.9
Feb-24,People aged 55 years and over,Personal reasons,Attending an educational institution,0.5
Feb-24,People aged 55 years and over,Personal reasons,Had no need or want to work,22.8
Feb-24,People aged 55 years and over,Personal reasons,Working in an unpaid voluntary job,3.5
Feb-24,People aged 55 years and over,Personal reasons,Problems with access to transport,0.7
Feb-24,People aged 55 years and over,Personal reasons,Moved house or holidays,2.1
Feb-24,People aged 55 years and over,Family reasons,Family reasons,11.1
Feb-24,People aged 55 years and over,Family reasons,Caring for ill or elderly person or family member,5.4
Feb-24,People aged 55 years and over,Family reasons,Childcare,2.2
Feb-24,People aged 55 years and over,Family reasons,Other family considerations,3.5
Feb-24,People aged 55 years and over,Other,Other reasons,13.5
Feb-24,People aged 55 years and over,Other,Did not know,2.8
